{
  "Delete Request" : {
    "transaction" : "Delete Request",
    "sampleCount" : 1,
    "errorCount" : 0,
    "errorPct" : 0.0,
    "meanResTime" : 275.0,
    "medianResTime" : 275.0,
    "minResTime" : 275.0,
    "maxResTime" : 275.0,
    "pct1ResTime" : 275.0,
    "pct2ResTime" : 275.0,
    "pct3ResTime" : 275.0,
    "throughput" : 3.6363636363636362,
    "receivedKBytesPerSec" : 4.169034090909091,
    "sentKBytesPerSec" : 1.0085227272727273
  },
  "Get Request" : {
    "transaction" : "Get Request",
    "sampleCount" : 1,
    "errorCount" : 0,
    "errorPct" : 0.0,
    "meanResTime" : 248.0,
    "medianResTime" : 248.0,
    "minResTime" : 248.0,
    "maxResTime" : 248.0,
    "pct1ResTime" : 248.0,
    "pct2ResTime" : 248.0,
    "pct3ResTime" : 248.0,
    "throughput" : 4.032258064516129,
    "receivedKBytesPerSec" : 7.997574344758065,
    "sentKBytesPerSec" : 0.7796748991935484
  },
  "Total" : {
    "transaction" : "Total",
    "sampleCount" : 3,
    "errorCount" : 0,
    "errorPct" : 0.0,
    "meanResTime" : 525.6666666666666,
    "medianResTime" : 275.0,
    "minResTime" : 248.0,
    "maxResTime" : 1054.0,
    "pct1ResTime" : 1054.0,
    "pct2ResTime" : 1054.0,
    "pct3ResTime" : 1054.0,
    "throughput" : 1.8404907975460123,
    "receivedKBytesPerSec" : 3.133986771472393,
    "sentKBytesPerSec" : 0.6889858128834356
  },
  "POST Request" : {
    "transaction" : "POST Request",
    "sampleCount" : 1,
    "errorCount" : 0,
    "errorPct" : 0.0,
    "meanResTime" : 1054.0,
    "medianResTime" : 1054.0,
    "minResTime" : 1054.0,
    "maxResTime" : 1054.0,
    "pct1ResTime" : 1054.0,
    "pct2ResTime" : 1054.0,
    "pct3ResTime" : 1054.0,
    "throughput" : 0.9487666034155597,
    "receivedKBytesPerSec" : 1.8771495493358632,
    "sentKBytesPerSec" : 0.618921963946869
  }
}